id,first_name,last_name,email,phone
5268,Cissiee,Aleksankin,caleksankin0@mapy.cz,579-735-0829
8862,Clair,Jellard,cjellard1@miibeian.gov.cn,961-509-0771
4028,Remy,Hadny,rhadny2@businessweek.com,621-550-2153
2329,Danni,McGragh,dmcgragh3@multiply.com,951-832-0935
7325,Stillman,Du Plantier,sduplantier4@xing.com,694-819-6411
1688,Maddie,Ginnell,mginnell5@so-net.ne.jp,780-804-9017
1300,Lara,Barras,lbarras6@foxnews.com,931-556-5206
1470,Delores,Buske,dbuske7@nbcnews.com,732-608-4916
6597,Allina,Tarbett,atarbett8@over-blog.com,903-338-8443
1278,Peta,Krebs,pkrebs9@utexas.edu,575-722-0346
5355,Solomon,Rothery,srotherya@flavors.me,109-220-8450
2400,Augustin,Huntingdon,ahuntingdonb@youtube.com,754-263-4721
7922,Leonanie,Possell,lpossellc@php.net,281-867-1070
8427,Claresta,Hauxby,chauxbyd@cmu.edu,971-727-9166
5682,Mabel,Bezant,mbezante@google.com.hk,473-822-0003
4720,Deerdre,Clemente,dclementef@businessinsider.com,535-687-2065
4389,Nadia,Truluck,ntruluckg@google.co.uk,932-640-4103
4958,Nadeen,Naismith,nnaismithh@mit.edu,820-728-8363
4205,Jarred,Iorns,jiornsi@vistaprint.com,971-705-6690
4935,Bekki,Brugemann,bbrugemannj@apple.com,834-915-2910
6708,Eveleen,Waren,ewarenk@netscape.com,173-991-7783
2400,Francyne,McCarron,fmccarronl@reddit.com,530-423-5518
4920,Yalonda,Mattiuzzi,ymattiuzzim@ning.com,415-923-4227
4504,Silvan,Braisby,sbraisbyn@devhub.com,728-475-7708
2923,Grover,Smallbone,gsmallboneo@wikimedia.org,458-416-1528
1200,Jeane,Herreran,jherreranp@quantcast.com,548-707-5004
4469,Candi,Glasser,cglasserq@businessinsider.com,458-359-3395
4708,Isabella,McAirt,imcairtr@businessinsider.com,828-232-5900
3481,Viviana,Burniston,vburnistons@wisc.edu,893-659-5901
4905,Katey,Costellow,kcostellowt@pen.io,442-545-4897
3520,Cesaro,Gandy,cgandyu@a8.net,209-574-0434
6788,Simone,Paris,sparisv@wikispaces.com,777-820-4206
4169,Dmitri,Ivanenko,divanenkow@prweb.com,461-297-5569
1667,Lorrayne,Bizley,lbizleyx@cargocollective.com,604-979-1483
5089,Teirtza,Roscam,troscamy@dagondesign.com,860-717-9345
1209,Mord,Mixworthy,mmixworthyz@comcast.net,695-156-1940
8512,Joey,Reddington,jreddington10@cbslocal.com,938-487-1849
5739,Felicity,Cliffe,fcliffe11@home.pl,978-499-5915
2527,Eustace,Sodor,esodor12@foxnews.com,243-398-5216
6779,Davis,Prendiville,dprendiville13@barnesandnoble.com,879-464-4447
6007,Constanta,Marjanovic,cmarjanovic14@de.vu,638-749-8022
6280,Melina,Cutill,mcutill15@soup.io,653-202-6298
2818,Anastasia,Toffanelli,atoffanelli16@usnews.com,336-245-8545
5159,Cherise,Farrin,cfarrin17@instagram.com,112-938-8710
4249,Gregoor,Elmes,gelmes18@fda.gov,212-540-9370
3953,Rikki,McCathie,rmccathie19@pen.io,506-760-9499
7368,Mechelle,Ewert,mewert1a@gizmodo.com,795-401-6586
7968,Walsh,Harmeston,wharmeston1b@icq.com,167-543-9856
3944,Ruben,Port,rport1c@fda.gov,393-898-9272
1649,Cullin,Breacher,cbreacher1d@unesco.org,931-518-2736
4196,Pauletta,Barthrup,pbarthrup1e@ehow.com,717-182-6627
4582,Sidonia,Rowson,srowson1f@edublogs.org,931-159-8822
2272,Collette,Sculpher,csculpher1g@wikispaces.com,770-437-6116
6417,Maxie,Borsay,mborsay1h@cbsnews.com,944-457-3540
3614,Niel,Tomblings,ntomblings1i@wired.com,575-863-7246
7221,Hillier,Duplain,hduplain1j@desdev.cn,441-719-7031
8286,Felicity,Houlworth,fhoulworth1k@bravesites.com,388-320-1103
8736,Mick,Litherborough,mlitherborough1l@artisteer.com,615-835-9826
6406,Kingsly,Winterson,kwinterson1m@bigcartel.com,384-236-5329
3243,Cyndie,Alabastar,calabastar1n@imageshack.us,734-796-7275
6962,Robb,Djakovic,rdjakovic1o@pcworld.com,405-668-7016
7698,Yale,Oxborrow,yoxborrow1p@github.io,892-922-3443
8352,Ahmed,Goodlake,agoodlake1q@noaa.gov,761-891-8774
7636,Roxi,Bice,rbice1r@tripadvisor.com,285-201-0382
8331,Devondra,Boxhall,dboxhall1s@noaa.gov,854-652-8410
8339,Riannon,Christian,rchristian1t@seattletimes.com,333-194-7132
6790,Arch,Gleasane,agleasane1u@live.com,427-591-6977
1917,Jourdan,Radish,jradish1v@comcast.net,328-346-4148
3180,Dionisio,Carcass,dcarcass1w@nasa.gov,616-446-3449
8130,Odetta,Moult,omoult1x@ftc.gov,441-191-1031
7756,Sawyer,Youster,syouster1y@huffingtonpost.com,451-894-3099
7527,Grange,Wevell,gwevell1z@prlog.org,486-687-1172
8412,Malanie,Greetland,mgreetland20@ovh.net,308-659-3408
5110,Rafa,Willgress,rwillgress21@ycombinator.com,224-809-8034
6876,Aurthur,Delgardo,adelgardo22@zdnet.com,981-889-1187
7091,Leeann,Broggelli,lbroggelli23@com.com,650-371-7677
6005,Lowrance,Gorham,lgorham24@java.com,500-870-2697
4773,Sybyl,Campes,scampes25@geocities.jp,111-395-5846
7433,Lorianne,Newborn,lnewborn26@woothemes.com,161-489-9248
3921,Hal,Wreford,hwreford27@eepurl.com,757-503-3701
1281,George,Freschi,gfreschi28@dropbox.com,242-191-6025
6175,Farah,Vern,fvern29@irs.gov,471-625-7181
2575,Irwinn,Jantzen,ijantzen2a@opensource.org,426-557-2849
3342,Brigit,Graeser,bgraeser2b@mashable.com,557-810-5174
2458,Beck,Mifflin,bmifflin2c@blogtalkradio.com,795-745-2829
2738,El,Becconsall,ebecconsall2d@vimeo.com,439-193-5808
1117,Morly,Antonio,mantonio2e@blogs.com,841-427-4288
3356,Alyce,Joyes,ajoyes2f@prnewswire.com,771-291-0396
7268,Tess,Barfitt,tbarfitt2g@ovh.net,277-798-4709
6459,Wade,Tett,wtett2h@fastcompany.com,633-849-2969
6326,Modesta,Dewing,mdewing2i@accuweather.com,819-876-9767
7764,Candida,Gasken,cgasken2j@e-recht24.de,825-892-8282
5588,Carce,Itschakov,citschakov2k@vistaprint.com,800-128-7120
8628,Roselle,McGougan,rmcgougan2l@nature.com,360-931-3154
1914,Kirsten,Whiffin,kwhiffin2m@admin.ch,996-363-0021
6337,Dreddy,Francioli,dfrancioli2n@myspace.com,152-925-3295
2779,Alanson,Yellowley,ayellowley2o@oakley.com,715-924-4878
7598,Christel,Butler,cbutler2p@pagesperso-orange.fr,413-800-5077
1002,Gerrilee,Twydell,gtwydell2q@squidoo.com,699-996-2502
3499,Nannie,Pullar,npullar2r@businesswire.com,787-536-8180
3879,Maurise,Lundberg,mlundberg2s@oaic.gov.au,681-107-3785
5863,Aveline,Duckworth,aduckworth2t@cnet.com,269-312-6709
5924,Orelie,Lydiard,olydiard2u@bloglovin.com,658-683-9921
5953,Karissa,Hosten,khosten2v@ustream.tv,816-800-4965
4125,Hunfredo,Acors,hacors2w@163.com,212-808-4826
6582,Sidonia,Gearing,sgearing2x@gravatar.com,255-873-3047
1077,Trescha,Thaller,tthaller2y@netlog.com,479-186-0005
7617,Noland,Barbe,nbarbe2z@list-manage.com,173-590-1833
4291,Jonie,Mimmack,jmimmack30@sphinn.com,777-937-5815
3464,Kessiah,Antunes,kantunes31@independent.co.uk,927-659-0996
8878,Cly,Craydon,ccraydon32@deliciousdays.com,549-848-9959
4936,Zach,Randles,zrandles33@multiply.com,138-186-8842
2983,Michal,Crookshanks,mcrookshanks34@umich.edu,311-212-6622
1223,Bryana,Hapgood,bhapgood35@deliciousdays.com,876-112-2771
7293,Fanchon,Skea,fskea36@cocolog-nifty.com,745-121-8989
5550,Colin,Filipic,cfilipic37@miitbeian.gov.cn,903-788-7325
6431,Xena,Wade,xwade38@tamu.edu,311-719-8295
7604,Shellysheldon,Janton,sjanton39@tumblr.com,528-603-6845
3518,Danni,Ashelford,dashelford3a@nba.com,207-652-8637
5346,Roslyn,Ox,rox3b@netvibes.com,489-870-5860
1043,Vincenz,Drance,vdrance3c@vinaora.com,666-407-8927
3233,Hildy,Kochlin,hkochlin3d@umn.edu,474-848-2685
4578,Virgina,Sawyers,vsawyers3e@imageshack.us,448-647-4390
8386,Lizabeth,Grigoryov,lgrigoryov3f@ameblo.jp,110-193-4999
3339,Raff,Trenam,rtrenam3g@tinyurl.com,332-346-6226
1201,Kesley,Bulch,kbulch3h@answers.com,761-949-5042
3330,Jeanelle,Locke,jlocke3i@earthlink.net,996-201-4055
3709,Bengt,Beebe,bbeebe3j@imgur.com,463-628-2067
1211,Lynda,Jeandot,ljeandot3k@ycombinator.com,972-669-6926
2057,Trefor,Privost,tprivost3l@dell.com,922-622-3330
8705,Dunstan,Girhard,dgirhard3m@arstechnica.com,883-767-1270
8763,Aubrie,Schubert,aschubert3n@cnbc.com,983-203-1626
6159,Caralie,Haskur,chaskur3o@mediafire.com,700-775-0163
6077,Linet,Tythe,ltythe3p@shareasale.com,624-936-2809
3128,Jeanette,Edmans,jedmans3q@eepurl.com,237-960-2673
5514,Sybila,O' Dornan,sodornan3r@canalblog.com,252-261-0290
3677,Harwell,Valder,hvalder3s@msu.edu,826-663-8906
6889,Brooks,Prugel,bprugel3t@prnewswire.com,166-399-6599
6537,Westbrook,Yeskin,wyeskin3u@bandcamp.com,871-755-8520
6595,Brandon,Gowdy,bgowdy3v@technorati.com,986-843-8369
3775,Mohammed,Crannage,mcrannage3w@usnews.com,363-425-4492
1141,Mavra,Schaffler,mschaffler3x@google.com,750-788-7869
1653,Rianon,Attwoull,rattwoull3y@ustream.tv,986-905-9823
6589,Shea,McDuff,smcduff3z@amazon.com,206-851-5964
2185,Ardyce,Prinnett,aprinnett40@examiner.com,610-635-8684
2108,Wash,Broadbear,wbroadbear41@icio.us,108-129-9439
2124,Viva,Heaker,vheaker42@uol.com.br,916-548-3624
5958,Daune,Baggarley,dbaggarley43@jugem.jp,387-559-4202
8596,Malinde,Skyme,mskyme44@mozilla.org,307-141-0636
8225,Leora,Mussalli,lmussalli45@eepurl.com,375-850-1129
5328,Ava,Hullah,ahullah46@tuttocitta.it,776-499-2054
4151,Ingeborg,Ead,iead47@163.com,784-151-2057
7928,Minetta,Toretta,mtoretta48@webnode.com,753-291-6865
4397,Crissie,Gilhooley,cgilhooley49@amazonaws.com,888-145-9470
7227,Stillman,Offord,sofford4a@alexa.com,444-779-9989
2292,Cherianne,Whitehall,cwhitehall4b@homestead.com,644-388-6572
6815,Carlota,MacNeilage,cmacneilage4c@answers.com,137-739-7404
1508,Lisetta,Dadd,ldadd4d@si.edu,879-386-9907
4772,Jeanne,Rickcord,jrickcord4e@theatlantic.com,867-181-9837
5880,Lucien,Rewbottom,lrewbottom4f@mtv.com,103-312-5017
4367,Kirbie,Bunney,kbunney4g@tinyurl.com,828-155-1028
1179,Cornie,Yoxen,cyoxen4h@lulu.com,115-961-5283
5784,Nessy,Shubotham,nshubotham4i@webs.com,136-626-4899
8583,Lanita,Verdie,lverdie4j@wp.com,287-611-2705
5854,Gabrila,Spinks,gspinks4k@storify.com,274-645-1565
1070,Tris,Emmott,temmott4l@irs.gov,316-333-3506
4631,Jacques,Colisbe,jcolisbe4m@over-blog.com,833-903-4574
4059,Winonah,Starkings,wstarkings4n@sfgate.com,273-556-6748
4524,Cher,Eke,ceke4o@domainmarket.com,185-367-8237
6746,Bert,Randal,brandal4p@fda.gov,641-287-6884
3327,Koren,Fuge,kfuge4q@about.me,673-223-0164
3581,Ferdinande,Currer,fcurrer4r@nationalgeographic.com,863-136-6611
1326,Hamilton,Kemmett,hkemmett4s@github.com,689-133-1065
6774,Idelle,Gambie,igambie4t@chronoengine.com,558-678-4591
4679,Pepito,Drakard,pdrakard4u@foxnews.com,856-673-9006
3637,Ammamaria,Waterhouse,awaterhouse4v@noaa.gov,477-248-1001
4841,Shel,Presnell,spresnell4w@hhs.gov,482-833-3496
2049,Misha,Bridgen,mbridgen4x@51.la,745-349-7510
5802,Morna,Monkley,mmonkley4y@indiatimes.com,701-990-2740
5956,Ivor,McKeeman,imckeeman4z@macromedia.com,771-954-5517
1375,Tann,Dumingos,tdumingos50@independent.co.uk,110-840-9353
7001,Merla,Aherne,maherne51@rakuten.co.jp,959-592-4090
3149,Des,Wabersich,dwabersich52@cmu.edu,939-514-4148
2313,Sim,Notley,snotley53@google.it,560-616-5814
2415,Jeri,D'Avaux,jdavaux54@sohu.com,205-397-5288
8785,Anderea,Kefford,akefford55@house.gov,829-151-0523
4175,Sebastien,Birrell,sbirrell56@bizjournals.com,773-244-4400
1008,Dody,Ert,dert57@wsj.com,839-453-2199
7636,Ernestus,Lubomirski,elubomirski58@ed.gov,692-856-8668
8113,Filbert,Kenney,fkenney59@ameblo.jp,829-736-6282
7008,Janeta,Daen,jdaen5a@nytimes.com,601-731-5304
7140,Federica,Stonestreet,fstonestreet5b@angelfire.com,718-472-3881
1807,Ivonne,Kemball,ikemball5c@tinypic.com,420-947-9123
2321,Aurore,Topliss,atopliss5d@dyndns.org,528-806-2563
7989,Brion,Cuzen,bcuzen5e@fda.gov,454-302-2214
1131,Roddy,Dillaway,rdillaway5f@tuttocitta.it,584-181-2223
6699,Emory,Yarn,eyarn5g@purevolume.com,817-628-7871
2604,Jorgan,Southway,jsouthway5h@free.fr,759-259-0995
6042,Garv,Atherton,gatherton5i@sogou.com,383-687-7349
3901,Rees,Bake,rbake5j@wp.com,107-125-0616
7025,Scotti,Whebell,swhebell5k@illinois.edu,853-862-6041
2216,Prescott,Bowden,pbowden5l@typepad.com,840-709-2428
3154,Sybila,Chaffey,schaffey5m@shareasale.com,587-649-8907
6160,Bernardine,Boschmann,bboschmann5n@com.com,825-580-7837
4420,Nick,Lauret,nlauret5o@yandex.ru,581-537-4918
5949,Selia,Rosten,srosten5p@fotki.com,354-995-1418
8314,Opaline,Guinn,oguinn5q@rakuten.co.jp,512-852-3162
7646,Eleanore,Brownsey,ebrownsey5r@java.com,409-206-6417
8582,Veronica,Brumhead,vbrumhead5s@symantec.com,828-796-1639
7310,Kristen,Scholl,kscholl5t@nyu.edu,995-546-4592
7315,Joellen,Fearnill,jfearnill5u@telegraph.co.uk,726-597-9707
1668,Ynez,Rosenthal,yrosenthal5v@soundcloud.com,493-843-3651
7353,Kassie,Norquoy,knorquoy5w@cam.ac.uk,303-234-9599
5650,Carol,McCerery,cmccerery5x@mlb.com,360-241-7607
7340,Alissa,Maplesden,amaplesden5y@exblog.jp,559-264-1194
4632,Cristin,Ciccarello,cciccarello5z@canalblog.com,585-591-3872
3889,Kristen,Casserley,kcasserley60@indiatimes.com,901-988-3570
4303,Rickie,Gayler,rgayler61@mail.ru,470-267-6655
3678,Killian,Malling,kmalling62@reddit.com,804-481-4179
3514,Barde,Konerding,bkonerding63@apple.com,885-460-5057
8965,Clemens,Menendez,cmenendez64@virginia.edu,587-318-5762
1948,Rodolfo,Alans,ralans65@spotify.com,566-542-5062
5260,Milzie,Nana,mnana66@themeforest.net,750-116-1845
8435,Isador,Droogan,idroogan67@foxnews.com,753-724-6852
6736,Cammie,Methven,cmethven68@comsenz.com,660-362-0046
4591,Allison,Josh,ajosh69@youku.com,134-892-3757
2273,Lea,Charlwood,lcharlwood6a@behance.net,379-756-4911
7599,Bruno,Kliement,bkliement6b@ustream.tv,665-494-8488
2480,Poul,Ferre,pferre6c@list-manage.com,530-428-1143
4542,Alethea,Rasmus,arasmus6d@ocn.ne.jp,322-733-6018
8550,Ethelyn,Klicher,eklicher6e@soup.io,810-537-5817
6429,Dulcinea,Benitti,dbenitti6f@usatoday.com,386-350-9510
2126,Gweneth,Devonish,gdevonish6g@telegraph.co.uk,428-753-9390
8927,Gipsy,Pyzer,gpyzer6h@fda.gov,380-864-6255
4366,Leroi,Pringer,lpringer6i@elpais.com,239-897-8817
6542,Eydie,Pentelo,epentelo6j@uiuc.edu,707-801-9825
6567,Dilly,Matyushenko,dmatyushenko6k@twitpic.com,660-608-0574
4736,Dom,Margetts,dmargetts6l@rediff.com,861-783-8065
7100,Blythe,Worthing,bworthing6m@furl.net,236-157-1863
5462,Sheffield,Giraudo,sgiraudo6n@redcross.org,269-912-3604
1208,Sissy,Blaze,sblaze6o@canalblog.com,943-830-1769
2876,Patrice,De Roos,pderoos6p@nature.com,660-443-2745
8380,Cyb,MacDiarmond,cmacdiarmond6q@hc360.com,402-353-3588
5657,Tadd,Blakeman,tblakeman6r@toplist.cz,743-538-2651
6130,Hortensia,Corish,hcorish6s@clickbank.net,815-922-0972
6772,Cristiano,Skace,cskace6t@lycos.com,634-669-0397
3648,Denise,Theis,dtheis6u@github.com,613-846-9345
1734,Cindi,Skedge,cskedge6v@youtube.com,978-215-0704
7077,Maddi,Gethings,mgethings6w@dagondesign.com,569-904-8267
8998,Foss,Fort,ffort6x@cafepress.com,557-606-7438
3261,Candra,Hurt,churt6y@stumbleupon.com,694-287-1233
7116,Evaleen,Ellwell,eellwell6z@google.fr,988-851-6068
7436,Toby,MacGoun,tmacgoun70@narod.ru,795-268-9545
2467,Katharina,Ferriby,kferriby71@miibeian.gov.cn,759-247-4582
5642,Gloriane,Labrum,glabrum72@blogger.com,197-866-8215
6313,Silas,Davidi,sdavidi73@quantcast.com,950-808-9874
7250,Onfroi,Swire,oswire74@skype.com,139-170-3660
7097,Binnie,Hotton,bhotton75@pagesperso-orange.fr,653-476-9326
6612,Ludvig,Le land,lleland76@engadget.com,774-913-1236
5296,Maren,Archambault,marchambault77@angelfire.com,915-541-4046
4824,Francis,Laugier,flaugier78@weibo.com,647-510-3759
7172,Graham,Hovy,ghovy79@histats.com,582-418-5150
4530,Bartel,Moody,bmoody7a@networkadvertising.org,428-576-9394
8836,Wilone,Lockhead,wlockhead7b@addthis.com,538-452-8493
5533,Jakob,Volcker,jvolcker7c@shinystat.com,159-255-8528
8018,Klarika,Featherstone,kfeatherstone7d@merriam-webster.com,650-333-9568
4896,Sherry,Struan,sstruan7e@t-online.de,401-801-4051
6866,Burr,Thorold,bthorold7f@hao123.com,324-473-5973
8796,Boote,Beaven,bbeaven7g@virginia.edu,153-101-1656
7019,Leroy,Beazey,lbeazey7h@skyrock.com,415-871-9269
3253,Donall,Chalfain,dchalfain7i@webs.com,350-656-1868
7266,Jany,De la Harpe,jdelaharpe7j@uol.com.br,359-569-2996
3216,Orville,Larrosa,olarrosa7k@nhs.uk,936-945-5035
3687,Flo,Casetti,fcasetti7l@pagesperso-orange.fr,561-866-7859
8427,Corette,Tullett,ctullett7m@webeden.co.uk,765-781-7855
3077,Nancie,Rawlings,nrawlings7n@ehow.com,633-337-6388
3879,Ashli,Housen,ahousen7o@stanford.edu,653-448-9162
1655,Lamar,De Hailes,ldehailes7p@woothemes.com,551-227-0188
8988,Syd,Cathcart,scathcart7q@harvard.edu,588-941-4022
3106,Weidar,Brunroth,wbrunroth7r@alexa.com,878-329-8767
7283,Germayne,Pabelik,gpabelik7s@un.org,641-435-6208
7470,Fanya,Antill,fantill7t@cdbaby.com,815-420-9690
3180,Romy,Bott,rbott7u@homestead.com,790-593-4567
5617,Gale,Ruggles,gruggles7v@cmu.edu,959-838-9444
8721,Eliot,Cosans,ecosans7w@nytimes.com,926-684-1072
6093,Parsifal,Gobeau,pgobeau7x@studiopress.com,805-667-8375
2005,Gill,Ondrus,gondrus7y@soundcloud.com,316-813-3986
2227,Erhart,Lowne,elowne7z@yellowbook.com,461-238-4219
3528,Cally,Calken,ccalken80@altervista.org,664-549-4875
1299,Judon,O'Cridigan,jocridigan81@yelp.com,936-915-3721
8964,Lennie,Jolland,ljolland82@linkedin.com,543-285-6444
5268,Marian,Kuban,mkuban83@blogger.com,841-387-3055
5776,Barb,Eyers,beyers84@nasa.gov,244-224-6910
8640,Danica,Darton,ddarton85@com.com,919-896-7966
3924,Fredek,Ziebart,fziebart86@tinypic.com,267-684-4447
1324,Merry,Furlong,mfurlong87@scribd.com,768-630-1156
2207,Pacorro,Petyankin,ppetyankin88@dailymotion.com,943-356-4873
6958,Nowell,Boolsen,nboolsen89@sciencedirect.com,575-299-5104
3195,Lauraine,Grinnikov,lgrinnikov8a@google.pl,421-117-2232
4745,Faustine,Webby,fwebby8b@shop-pro.jp,299-779-8279
6084,Gerome,Baumford,gbaumford8c@linkedin.com,421-152-6697
7166,Charline,Edmand,cedmand8d@histats.com,957-111-1593
2486,Costanza,Pedro,cpedro8e@reuters.com,529-906-3133
4231,Debera,Ahren,dahren8f@addtoany.com,287-197-7443
4356,Starlin,O'Harney,soharney8g@nih.gov,647-692-8743
2523,Hamlen,Pawnsford,hpawnsford8h@imageshack.us,762-922-4472
8628,Xaviera,Naulls,xnaulls8i@skyrock.com,486-188-6161
4397,Jennee,Cuerda,jcuerda8j@vinaora.com,421-706-4197
3779,Meir,Demare,mdemare8k@slashdot.org,795-448-5255
1306,Jere,Dunford,jdunford8l@amazonaws.com,270-905-8992
2397,Candice,Mosey,cmosey8m@netlog.com,424-411-2144
1409,Anita,Isakowicz,aisakowicz8n@wiley.com,204-516-8112
3548,Egan,Paladini,epaladini8o@over-blog.com,501-187-9889
4161,Bruis,Tarver,btarver8p@paypal.com,750-590-7089
3660,Albertina,Flori,aflori8q@netlog.com,334-200-5504
7931,Templeton,Wallett,twallett8r@youtu.be,895-892-0374
3969,Nani,Petts,npetts8s@csmonitor.com,872-721-8058
7583,Kelly,Cordeau],kcordeau8t@imgur.com,802-288-5079
5265,Vitoria,Glenton,vglenton8u@about.me,898-521-9791
6722,Tadd,Brimson,tbrimson8v@blogs.com,392-250-1164
6411,Rosmunda,Lougheid,rlougheid8w@tuttocitta.it,737-881-8085
5661,Giacopo,Maddaford,gmaddaford8x@cdc.gov,465-292-5260
1546,Diane,Heskins,dheskins8y@sciencedaily.com,458-183-5458
7116,Jori,Drees,jdrees8z@reverbnation.com,352-407-4856
8665,Elberta,Cunniff,ecunniff90@unesco.org,306-679-1328
4241,Filippo,Morot,fmorot91@boston.com,230-384-6683
8777,Noella,Santi,nsanti92@vistaprint.com,113-305-6270
1998,Kaja,Climson,kclimson93@kickstarter.com,447-221-5354
1504,Pierre,Fone,pfone94@cnet.com,561-625-1294
2601,Gabie,Mewe,gmewe95@canalblog.com,330-672-2247
4011,Farrand,Daniau,fdaniau96@homestead.com,586-286-5565
8104,Desi,Rabier,drabier97@illinois.edu,964-849-6303
2726,Fernandina,Karmel,fkarmel98@parallels.com,477-604-7576
1663,Laverna,Trenouth,ltrenouth99@instagram.com,198-346-2534
8865,Jon,Castello,jcastello9a@sitemeter.com,914-480-4927
8665,Maurits,Royce,mroyce9b@dropbox.com,893-607-1940
7538,Freda,Chesswas,fchesswas9c@sitemeter.com,152-496-3777
3127,Joeann,Dhennin,jdhennin9d@chronoengine.com,990-327-2883
5109,Chic,Starbeck,cstarbeck9e@tmall.com,305-841-0397
6058,Niles,Bruni,nbruni9f@goodreads.com,994-555-4459
2092,Vanda,Maith,vmaith9g@google.fr,291-475-4380
8939,Chic,Cheley,ccheley9h@squarespace.com,430-408-4345
5431,Samara,Lessmare,slessmare9i@comsenz.com,203-267-8772
8520,Hedvige,Jeggo,hjeggo9j@bloglines.com,289-205-7033
2783,Ray,Credland,rcredland9k@adobe.com,806-303-5658
2287,Bartram,Crathern,bcrathern9l@marketwatch.com,921-628-0464
8057,Earvin,Kimpton,ekimpton9m@chicagotribune.com,150-426-6859
1809,Karee,Swadden,kswadden9n@fastcompany.com,325-231-3611
4663,Engracia,Collis,ecollis9o@imdb.com,813-746-2076
6504,Derwin,Lanchbury,dlanchbury9p@hubpages.com,206-682-9267
5710,Lil,Fibbitts,lfibbitts9q@vistaprint.com,298-153-2896
7191,Penrod,Eaves,peaves9r@angelfire.com,269-686-5260
3188,Lexie,Astling,lastling9s@sun.com,967-149-3922
4870,Sergio,Pottie,spottie9t@europa.eu,659-977-8663
4628,Stormie,Colclough,scolclough9u@github.com,241-879-8105
8600,Garland,Indgs,gindgs9v@vinaora.com,600-137-7850
8205,Shanan,Kunzler,skunzler9w@1688.com,172-313-4471
8663,Gifford,Pollicatt,gpollicatt9x@tripadvisor.com,508-395-4183
2079,Marsiella,Aubery,maubery9y@hhs.gov,950-753-3282
7155,Emyle,Toffler,etoffler9z@163.com,751-807-4394
8883,Lorelei,Gohn,lgohna0@paginegialle.it,476-552-1345
7154,Dasya,Huett,dhuetta1@ifeng.com,650-301-9155
2162,Kasey,Elcome,kelcomea2@google.ca,906-363-3600
2931,Falkner,Campion,fcampiona3@shareasale.com,379-541-8653
5707,Frederick,Carruth,fcarrutha4@wikia.com,355-534-7848
3461,Godfry,Mealing,gmealinga5@istockphoto.com,242-172-6553
3880,Arlin,Dessent,adessenta6@facebook.com,221-526-7220
2310,Ernestus,Jaulme,ejaulmea7@free.fr,601-269-5605
8755,Cory,Haster,chastera8@g.co,645-705-3557
4991,Farly,Vernay,fvernaya9@topsy.com,268-149-3571
6085,Cal,Fawks,cfawksaa@list-manage.com,636-753-6475
8323,Nessa,Reolfo,nreolfoab@ehow.com,677-174-4146
6782,Nichol,Puddifer,npuddiferac@vistaprint.com,173-330-6471
1722,Aurora,Blazic,ablazicad@bandcamp.com,952-711-3207
8875,Giacinta,Banghe,gbangheae@vk.com,567-271-9914
6076,Jesse,Camies,jcamiesaf@google.co.jp,228-271-2320
4472,Maressa,Di Roberto,mdirobertoag@earthlink.net,643-486-3890
8959,Basilio,Rubery,bruberyah@macromedia.com,962-488-6471
6425,Teodoor,Woolmington,twoolmingtonai@elpais.com,419-251-2136
8476,Clari,Camin,ccaminaj@ifeng.com,231-519-2436
8830,Godfree,Karpfen,gkarpfenak@ca.gov,912-687-2400
8046,Melodie,Leupold,mleupoldal@newyorker.com,367-113-7452
5931,Vikki,Lauks,vlauksam@360.cn,953-731-7621
8958,Kellen,Frangione,kfrangionean@chronoengine.com,144-699-0255
3817,Iggy,Blaes,iblaesao@google.de,223-527-6895
2250,Robinette,Pringuer,rpringuerap@cyberchimps.com,385-870-4841
1658,Ailene,Josselson,ajosselsonaq@squarespace.com,275-992-6773
3343,Garrard,Fries,gfriesar@hexun.com,538-287-5441
3407,Godwin,Keward,gkewardas@cbsnews.com,703-995-8467
7812,Hollie,Daoust,hdaoustat@usnews.com,238-269-0125
7137,Wally,Blades,wbladesau@guardian.co.uk,607-504-3906
5521,Nerte,Durno,ndurnoav@wix.com,326-270-8579
2869,Claybourne,Lovick,clovickaw@symantec.com,422-830-4002
8313,Jessi,Pardie,jpardieax@intel.com,227-531-4558
8507,Imogene,Street,istreetay@sciencedirect.com,511-490-3137
2066,Gaultiero,Gianelli,ggianelliaz@hhs.gov,679-971-9923
2244,Hillier,Kik,hkikb0@macromedia.com,193-826-5447
5852,Bennie,Calven,bcalvenb1@homestead.com,832-390-0796
5237,Amabel,Laflin,alaflinb2@google.co.jp,312-590-1935
5253,Odie,Van Baaren,ovanbaarenb3@msu.edu,912-567-2976
5179,Dione,Standage,dstandageb4@xrea.com,330-571-4979
4327,Melonie,De Giorgis,mdegiorgisb5@technorati.com,221-865-1054
1303,Germaine,Byrne,gbyrneb6@umn.edu,220-796-7060
8250,Nissa,Halt,nhaltb7@hexun.com,775-224-1667
4087,Myrah,Ciani,mcianib8@theglobeandmail.com,505-957-5812
2487,Kendrick,Parmby,kparmbyb9@archive.org,877-901-3394
3953,Deck,Grayer,dgrayerba@livejournal.com,284-767-8882
8948,Elke,Wisdish,ewisdishbb@miitbeian.gov.cn,536-155-1841
2862,Tiffani,Thaxter,tthaxterbc@merriam-webster.com,178-121-9598
6322,Roz,Burnage,rburnagebd@jimdo.com,485-534-0893
7321,Denny,Beamson,dbeamsonbe@printfriendly.com,701-913-3280
4960,Rafaelia,Cavolini,rcavolinibf@cbslocal.com,857-724-9302
5736,Ilyssa,Isenor,iisenorbg@i2i.jp,232-944-4168
7002,Gnni,Bartlomieczak,gbartlomieczakbh@weibo.com,458-180-9607
4856,Harold,Oller,hollerbi@bluehost.com,270-103-5117
5564,Harrie,Ciccotto,hciccottobj@myspace.com,513-397-4931
6543,Dilly,Ebbles,debblesbk@linkedin.com,656-465-1927
1926,Falkner,Grave,fgravebl@stumbleupon.com,606-878-8170
5069,Constance,Truesdale,ctruesdalebm@ask.com,413-990-8176
7111,Marin,Lorriman,mlorrimanbn@guardian.co.uk,485-193-2930
1570,Paulie,Colerick,pcolerickbo@artisteer.com,227-352-2578
7999,Bevvy,Barfoot,bbarfootbp@t-online.de,407-781-6349
1919,Rose,Rouchy,rrouchybq@oracle.com,734-383-4842
4965,Adriena,Klaggeman,aklaggemanbr@apple.com,179-175-5591
4725,Ransom,Ambroz,rambrozbs@house.gov,369-327-8123
8152,Trent,Sparke,tsparkebt@slideshare.net,609-326-2880
8345,Alfred,Tongs,atongsbu@ihg.com,712-833-5841
5556,Web,Chellam,wchellambv@fema.gov,402-332-0025
5617,Madelaine,Hulks,mhulksbw@amazon.co.jp,773-429-1684
6109,Jae,Martinie,jmartiniebx@tmall.com,564-397-6134
6259,Evelin,Tole,etoleby@flavors.me,949-446-9349
4684,Evelin,Northwood,enorthwoodbz@uiuc.edu,538-612-2572
4665,Casandra,Schnitter,cschnitterc0@1und1.de,152-738-6039
1413,Weber,Gooders,wgoodersc1@youtu.be,247-932-6579
1456,Nobe,Tomblett,ntomblettc2@mayoclinic.com,654-871-3056
3629,Wolfgang,Lithcow,wlithcowc3@wunderground.com,267-300-2086
1380,Max,Battleson,mbattlesonc4@feedburner.com,735-668-0812
2601,Carter,Issitt,cissittc5@senate.gov,393-168-7795
6820,Kelli,Worthington,kworthingtonc6@fastcompany.com,967-869-2450
8881,Christiano,Beidebeke,cbeidebekec7@icq.com,955-122-2446
2116,Toinette,Birchill,tbirchillc8@drupal.org,668-710-6833
3112,Gretal,Majury,gmajuryc9@liveinternet.ru,270-175-6714
7763,Ashley,Scates,ascatesca@foxnews.com,158-399-9363
1701,Sherwood,Garvin,sgarvincb@bandcamp.com,453-666-4736
8279,Alyosha,Skipperbottom,askipperbottomcc@who.int,745-482-9090
6496,Lucas,Skirlin,lskirlincd@ovh.net,305-787-0504
7225,Roda,Kissock,rkissockce@technorati.com,277-260-5611
5164,Johna,Albro,jalbrocf@sakura.ne.jp,994-259-4081
2918,Walt,Doog,wdoogcg@zdnet.com,176-471-3443
8066,Matthew,Alcide,malcidech@tinyurl.com,470-334-8108
1386,Becki,Jakolevitch,bjakolevitchci@businesswire.com,332-124-7051
3099,Shannan,Hurley,shurleycj@ca.gov,216-737-5715
6332,Chet,Strase,cstraseck@google.pl,579-654-2582
7895,Roscoe,Polding,rpoldingcl@vistaprint.com,314-309-4677
7819,Charlotta,Brosch,cbroschcm@vinaora.com,350-644-3911
6530,Bev,While,bwhilecn@google.it,515-443-4117
8631,Henri,Boorn,hboornco@cnn.com,159-632-2253
2594,Perri,Piers,ppierscp@altervista.org,754-531-8212
6755,Aleen,Davidek,adavidekcq@army.mil,634-689-5929
2790,Welsh,Stapforth,wstapforthcr@house.gov,857-800-2848
8750,Marven,Dawley,mdawleycs@hibu.com,803-195-4300
1144,Sidonia,Gravy,sgravyct@bloomberg.com,750-991-6303
4763,Aurlie,Turneaux,aturneauxcu@opensource.org,274-929-5584
7006,Tim,Matuszynski,tmatuszynskicv@earthlink.net,647-667-7246
1723,Peder,Oertzen,poertzencw@weebly.com,960-540-7819
2322,Lila,Ainslie,lainsliecx@storify.com,390-445-0800
2760,Dana,Swarbrigg,dswarbriggcy@nymag.com,899-942-8040
3669,Ode,Grundle,ogrundlecz@whitehouse.gov,668-448-2862
7780,Theresita,Abbotts,tabbottsd0@1688.com,700-454-9385
6168,Dore,Lait,dlaitd1@clickbank.net,436-193-8648
2366,Erma,Joinson,ejoinsond2@acquirethisname.com,618-586-1096
8733,Patric,Cescotti,pcescottid3@miitbeian.gov.cn,746-477-3390
7026,Eadith,Simmell,esimmelld4@springer.com,867-881-3219
6748,Marin,Eringey,meringeyd5@toplist.cz,273-135-9917
6475,Mabelle,Hasling,mhaslingd6@usda.gov,129-494-9639
3741,Roscoe,Loveitt,rloveittd7@sohu.com,939-998-4461
3013,Jeannette,McCarney,jmccarneyd8@bigcartel.com,343-587-8940
6501,Adriana,Chazette,achazetted9@hugedomains.com,964-681-3505
1523,Karel,Sodor,ksodorda@123-reg.co.uk,329-374-5576
5888,Shanta,Bonanno,sbonannodb@guardian.co.uk,330-394-7072
6005,Dolorita,Ben,dbendc@upenn.edu,102-199-5248
3978,Birgitta,Yoell,byoelldd@nba.com,225-318-1520
2422,Sonia,Pettyfar,spettyfarde@mit.edu,884-638-3441
5764,Guendolen,Insworth,ginsworthdf@skype.com,369-150-6747
5701,Deane,Flight,dflightdg@wsj.com,665-111-1488
7410,Godfry,Syne,gsynedh@ed.gov,527-312-0910
1603,Carlin,Clutton,ccluttondi@amazonaws.com,180-486-2381
3137,Davey,Gruszecki,dgruszeckidj@msn.com,882-346-6673
3564,Keith,Heatly,kheatlydk@fda.gov,980-932-1694
7727,Lucia,Yurukhin,lyurukhindl@tamu.edu,313-766-4983
8394,Ric,Maddigan,rmaddigandm@nytimes.com,919-421-9324
3420,Chiarra,Buse,cbusedn@phpbb.com,999-691-8962
3400,Berton,Teaz,bteazdo@epa.gov,115-576-8277
2803,Janeen,McGee,jmcgeedp@naver.com,187-182-9679
7073,Gerda,Money,gmoneydq@rediff.com,616-950-9832
4874,Wake,Puxley,wpuxleydr@multiply.com,188-791-4813
1564,Bailey,Levett,blevettds@elpais.com,774-151-5200
5453,Ruddy,Pitkaithly,rpitkaithlydt@cam.ac.uk,241-804-2541
2356,Garrick,Sygroves,gsygrovesdu@prweb.com,220-787-3952
4922,Pammy,Buxy,pbuxydv@forbes.com,724-982-8684
7371,Kristofor,Wheater,kwheaterdw@histats.com,992-719-2352
2258,Lovell,Smardon,lsmardondx@washingtonpost.com,874-802-5001
1063,Rubie,Bardsley,rbardsleydy@netlog.com,416-443-5323
4660,Leo,Turfrey,lturfreydz@archive.org,281-876-6858
3814,Tripp,Pelzer,tpelzere0@cyberchimps.com,452-580-2738
3428,Murvyn,Kinch,mkinche1@bbc.co.uk,507-734-1012
8322,Dotty,Rosenzveig,drosenzveige2@nationalgeographic.com,458-174-1046
1818,Gladi,Lauret,glaurete3@globo.com,896-647-4568
6623,Mac,Crasswell,mcrasswelle4@bandcamp.com,782-538-3769
2027,Laurella,Cooling,lcoolinge5@list-manage.com,656-705-6263
4138,Sarajane,Beere,sbeeree6@cocolog-nifty.com,181-801-5477
3496,Jemie,Todhunter,jtodhuntere7@patch.com,779-328-7618
6351,Agnes,Ferrettino,aferrettinoe8@ycombinator.com,775-901-0226
8416,Rosamund,Climer,rclimere9@gnu.org,235-611-3809
3640,Luise,Dearth,ldearthea@ocn.ne.jp,603-864-3087
3635,Annamarie,Bauchop,abauchopeb@spiegel.de,617-561-4531
3666,Clementia,Lilleycrop,clilleycropec@foxnews.com,324-236-5003
5615,Daniele,Cushworth,dcushworthed@ocn.ne.jp,494-480-2726
2432,Lin,Liston,llistonee@home.pl,631-192-0700
5768,Molly,Leftbridge,mleftbridgeef@elpais.com,617-122-2631
6455,Ruddy,Peggs,rpeggseg@columbia.edu,300-108-5315
8322,Christophe,Wallworke,cwallworkeeh@icio.us,933-665-5054
4082,Tait,Dubery,tduberyei@bbb.org,581-578-0128
5218,Malvina,Muskett,mmuskettej@canalblog.com,554-378-4564
7970,Janeen,Wombwell,jwombwellek@weibo.com,446-946-0362
3317,Herold,Lidstone,hlidstoneel@deliciousdays.com,150-457-2707
4874,Leeann,Effemy,leffemyem@china.com.cn,391-147-8063
7977,Nil,Primarolo,nprimaroloen@hud.gov,569-489-7570
7008,Rowena,Veracruysse,rveracruysseeo@wiley.com,502-639-5901
6225,Sheilakathryn,Goodbourn,sgoodbournep@springer.com,824-104-1206
8334,Fitzgerald,Klulicek,fklulicekeq@earthlink.net,944-900-6759
7204,Ninette,Scurrah,nscurraher@rambler.ru,954-664-4914
8366,Ora,Leeson,oleesones@cisco.com,817-255-5894
5670,Elberta,Inger,eingeret@desdev.cn,273-990-0863
5453,Beltran,Siss,bsisseu@php.net,142-536-2670
3183,Loralyn,Hyland,lhylandev@163.com,915-623-0891
3418,Elsa,McKirdy,emckirdyew@acquirethisname.com,696-263-2305
3675,Laurel,Leftley,lleftleyex@salon.com,351-133-5704
6244,Elwyn,Dimitru,edimitruey@jugem.jp,336-406-9529
7372,Aurelea,Selkirk,aselkirkez@tinyurl.com,370-445-9327
6508,Roselia,Petters,rpettersf0@zdnet.com,518-332-5402
6818,Chere,Matchell,cmatchellf1@thetimes.co.uk,817-416-6966
4628,Prent,Aslott,paslottf2@1und1.de,504-348-5938
6593,Elfie,Huegett,ehuegettf3@xinhuanet.com,289-338-6635
6041,Gerti,Carress,gcarressf4@google.ca,918-544-6958
2889,Tamar,Carcas,tcarcasf5@ameblo.jp,222-987-9322
3686,Bradan,Slemmonds,bslemmondsf6@ftc.gov,744-227-3829
4929,Laetitia,Yesichev,lyesichevf7@drupal.org,557-488-1097
3722,Regan,Viccary,rviccaryf8@statcounter.com,483-942-4188
6301,Cthrine,D'Aguanno,cdaguannof9@hhs.gov,387-585-4118
8868,Corissa,Grenshields,cgrenshieldsfa@usa.gov,414-234-0355
5975,Guillermo,Shutle,gshutlefb@1688.com,295-942-3729
8893,Marika,Beasant,mbeasantfc@google.es,107-476-7392
1102,Benyamin,Happel,bhappelfd@cornell.edu,389-449-5443
2202,Turner,Balwin,tbalwinfe@tumblr.com,976-977-1364
6940,Neils,Pirrey,npirreyff@va.gov,755-662-9763
3734,Erika,Coggell,ecoggellfg@pcworld.com,864-130-7622
2782,Paulita,Delia,pdeliafh@alexa.com,772-954-7427
1726,Danila,Marking,dmarkingfi@is.gd,885-795-4601
6919,Sergent,Thomlinson,sthomlinsonfj@paginegialle.it,113-370-9106
5940,Inger,Benjefield,ibenjefieldfk@tripod.com,813-747-5587
6988,Hernando,Franzonetti,hfranzonettifl@deliciousdays.com,834-930-7169
8991,Terrie,Moxon,tmoxonfm@dyndns.org,757-859-7607
7250,Gayla,Bails,gbailsfn@slate.com,793-554-9926
1694,Cherye,Fellos,cfellosfo@posterous.com,323-395-2077
1173,Axel,Eykel,aeykelfp@guardian.co.uk,883-232-5012
5431,Sissy,Allsepp,sallseppfq@pinterest.com,211-111-0379
4098,Quintin,Delahunty,qdelahuntyfr@mtv.com,218-721-6194
3269,Kandy,Abbs,kabbsfs@wikispaces.com,822-418-3681
8061,Nickolai,Mallabund,nmallabundft@gmpg.org,510-330-1576
1271,Rickard,Duggleby,rdugglebyfu@networkadvertising.org,293-163-3318
3446,Johann,Murtimer,jmurtimerfv@wp.com,565-267-4148
2625,Nissa,Bridewell,nbridewellfw@home.pl,855-758-8233
7858,Haskel,Stains,hstainsfx@nsw.gov.au,485-519-8032
2727,Gale,McNally,gmcnallyfy@geocities.jp,292-148-7143
7633,Freddie,Purches,fpurchesfz@google.com.hk,365-270-2516
1833,Coleen,Lascell,clascellg0@naver.com,941-287-2334
6742,Alanson,Errowe,aerroweg1@dell.com,716-882-4634
4290,Tremaine,Dredge,tdredgeg2@multiply.com,689-461-6597
3343,Huey,Laming,hlamingg3@army.mil,317-484-1066
2078,Gusti,Winchcum,gwinchcumg4@altervista.org,367-190-7955
7161,Erna,Sumnall,esumnallg5@creativecommons.org,686-186-3711
6618,Nicky,Maltman,nmaltmang6@harvard.edu,633-417-3946
8385,Fairfax,Mozzini,fmozzinig7@geocities.com,193-895-6995
2038,Hube,Iannitti,hiannittig8@ask.com,582-789-9149
2052,Candi,Fields,cfieldsg9@usda.gov,433-328-4600
8244,Alric,Gutans,agutansga@goodreads.com,740-633-8455
4680,Ilise,Champion,ichampiongb@yolasite.com,479-200-9404
7296,Godard,Fearnyough,gfearnyoughgc@vinaora.com,950-489-8080
4850,Milissent,Epple,mepplegd@house.gov,190-231-0210
8065,Bambi,Christall,bchristallge@independent.co.uk,213-172-8673
8139,Tremayne,Seeley,tseeleygf@github.io,102-981-6941
2636,Irving,Goullee,igoulleegg@taobao.com,149-910-7514
8103,Odessa,Garmanson,ogarmansongh@constantcontact.com,924-602-5869
2166,Gael,Raulin,graulingi@apache.org,405-876-3356
3619,Domenico,Bourdas,dbourdasgj@usatoday.com,629-618-5026
3115,Hastings,Frisel,hfriselgk@com.com,471-728-6453
6068,Ody,Keeling,okeelinggl@hibu.com,799-193-8919
4954,Adara,Trowler,atrowlergm@jiathis.com,891-671-5348
6819,Willi,Durdan,wdurdangn@sciencedaily.com,469-989-6317
2039,Ardella,Muirhead,amuirheadgo@google.co.jp,897-246-3030
7205,Hamlen,Busain,hbusaingp@eepurl.com,735-582-8964
6285,Averil,Acosta,aacostagq@mashable.com,697-544-0746
2837,Sebastiano,Topping,stoppinggr@techcrunch.com,624-637-6080
5120,Sallee,McHarry,smcharrygs@ovh.net,815-526-0429
7552,Pamela,MacDermid,pmacdermidgt@devhub.com,305-912-8400
2005,Katinka,Spino,kspinogu@reddit.com,953-925-5066
3640,Bruno,Bartlam,bbartlamgv@hao123.com,502-506-9813
6054,Dyna,Motto,dmottogw@canalblog.com,216-883-6388
1017,Gary,Aizlewood,gaizlewoodgx@va.gov,639-504-4848
1152,Donnamarie,Sole,dsolegy@typepad.com,874-669-9308
4299,Gussie,Leggin,gleggingz@bing.com,447-874-0253
6181,Jonis,Oakman,joakmanh0@istockphoto.com,525-999-9929
2943,Paul,Flukes,pflukesh1@blogtalkradio.com,997-345-5133
8952,Redford,Gaukroger,rgaukrogerh2@furl.net,674-180-7780
5087,Nellie,Nattriss,nnattrissh3@stanford.edu,139-250-4238
8836,Blakeley,Benedyktowicz,bbenedyktowiczh4@cnet.com,356-680-3982
6498,Esme,Panks,epanksh5@etsy.com,770-915-6972
5099,Symon,Gresswell,sgresswellh6@baidu.com,144-383-0949
7334,Arney,Rupel,arupelh7@ycombinator.com,604-120-8307
3534,Bartholomeus,Boyn,bboynh8@google.com.hk,460-415-1817
8207,Lilli,Hickford,lhickfordh9@mlb.com,381-618-1319
8845,Theresita,Northedge,tnorthedgeha@tinypic.com,435-589-2874
1589,Jabez,Pemberton,jpembertonhb@addthis.com,614-638-1396
7251,Camilla,Rillatt,crillatthc@opera.com,138-488-1342
6009,Josiah,Sedgemond,jsedgemondhd@ustream.tv,478-657-8970
4692,Olvan,Tye,otyehe@nbcnews.com,139-773-4397
3893,Leone,Van Merwe,lvanmerwehf@ustream.tv,645-694-7242
3567,Austin,Peinke,apeinkehg@delicious.com,336-904-2484
2035,Colet,Baselio,cbaseliohh@aol.com,398-230-6677
2400,Barclay,Eldredge,beldredgehi@whitehouse.gov,761-258-5383
2675,Erroll,Bloxham,ebloxhamhj@t.co,523-483-2460
4363,Candice,Stuart,cstuarthk@edublogs.org,942-449-2430
6246,Karlyn,Bartens,kbartenshl@bigcartel.com,271-771-3698
4104,Emery,Pentycross,epentycrosshm@google.de,190-305-4773
6318,Neil,Gearty,ngeartyhn@vkontakte.ru,878-449-9575
2454,Delila,Wasylkiewicz,dwasylkiewiczho@nsw.gov.au,340-191-8898
7754,Blake,Leward,blewardhp@xinhuanet.com,893-134-9973
8621,Ollie,Matyas,omatyashq@nymag.com,856-512-8041
4757,Steffane,Azemar,sazemarhr@drupal.org,639-850-4728
7166,Jewel,Newbatt,jnewbatths@google.co.uk,689-120-7731
5972,Victor,Paggitt,vpaggittht@g.co,375-431-3128
6179,Guillemette,Stevani,gstevanihu@nifty.com,102-522-3240
4943,Halsy,Sorrie,hsorriehv@webeden.co.uk,369-514-9862
4428,Ingeberg,Murrock,imurrockhw@japanpost.jp,930-727-3826
8402,Kessiah,Vant,kvanthx@oaic.gov.au,446-748-7241
3628,Stafford,Godridge,sgodridgehy@yelp.com,319-953-5091
8880,Idelle,Hannen,ihannenhz@redcross.org,254-407-2248
1082,Jacobo,Bartosik,jbartosiki0@gravatar.com,208-259-3495
5463,Maurizia,Abramsky,mabramskyi1@state.gov,954-314-2176
5150,Bil,Fair,bfairi2@tiny.cc,207-311-2278
4711,Aubert,Lente,alentei3@ovh.net,557-689-1065
1462,Nikola,Gounin,ngounini4@myspace.com,710-698-0259
8520,Ermin,Pickerill,epickerilli5@nsw.gov.au,355-633-2153
5847,Cherise,Jackling,cjacklingi6@nationalgeographic.com,802-513-6061
4971,Reba,Mac,rmaci7@theatlantic.com,694-452-5369
8346,Wade,Geist,wgeisti8@weebly.com,299-370-0302
7139,Christin,Bodemeaid,cbodemeaidi9@go.com,177-972-3646
6260,Stern,Earley,searleyia@naver.com,126-249-1367
6326,Pierre,Beinisch,pbeinischib@icio.us,343-907-8150
8020,Josselyn,Jovic,jjovicic@1688.com,770-881-5675
5961,Anallise,Vasnetsov,avasnetsovid@google.ca,653-423-5761
3328,Sterne,Esterbrook,sesterbrookie@quantcast.com,842-954-2295
2042,Dione,Vynehall,dvynehallif@shinystat.com,611-687-5890
1130,Gwenny,Onge,gongeig@woothemes.com,135-596-2952
2842,Dave,Baudon,dbaudonih@google.com.au,365-564-3661
7205,Julie,Sainsberry,jsainsberryii@goo.gl,225-366-0040
6429,Cherianne,Bowler,cbowlerij@ask.com,614-772-7416
4932,Ly,Blader,lbladerik@slideshare.net,982-412-2075
7025,Jamill,Padula,jpadulail@uol.com.br,854-453-7649
3025,Anette,Muzzollo,amuzzolloim@who.int,136-338-4725
1456,Ave,Hedworth,ahedworthin@tumblr.com,110-486-8186
4906,Arty,D'Aubney,adaubneyio@imageshack.us,978-358-3238
2430,Corabelle,Reinger,creingerip@weibo.com,958-714-5264
6825,Fonsie,Nial,fnialiq@chicagotribune.com,393-591-1542
2843,Jacinda,Pawlyn,jpawlynir@sun.com,573-930-8152
1433,Peggie,Mitcheson,pmitchesonis@wired.com,161-419-8879
8585,Belinda,Muehler,bmuehlerit@comsenz.com,472-840-5086
7787,Barbara,Sadler,bsadleriu@abc.net.au,916-967-0741
7616,Henriette,Chittem,hchittemiv@mapquest.com,449-750-0652
6854,Jayme,Pepin,jpepiniw@bbb.org,803-776-8278
8952,Janet,Staining,jstainingix@cnet.com,181-775-3788
1328,Vicki,Tippings,vtippingsiy@canalblog.com,770-381-7796
3899,Herc,Lukock,hlukockiz@sakura.ne.jp,217-312-2876
4565,Melba,Meneo,mmeneoj0@cdbaby.com,509-791-6705
3385,Stuart,Daulby,sdaulbyj1@yellowbook.com,586-891-1597
4439,Bradney,Filippone,bfilipponej2@elegantthemes.com,287-968-9254
6208,Myrle,Dogerty,mdogertyj3@1und1.de,379-476-4030
1589,Hayes,Alster,halsterj4@shareasale.com,880-344-3074
2738,Jarrad,Kyle,jkylej5@geocities.jp,319-244-1631
6099,Siffre,Angless,sanglessj6@usatoday.com,310-239-8854
2926,Hasty,Geeson,hgeesonj7@multiply.com,937-955-5712
4859,Salvador,Awcock,sawcockj8@go.com,501-133-4384
5283,Sibbie,Copo,scopoj9@webnode.com,271-102-3155
8758,Boy,Goodhew,bgoodhewja@twitpic.com,945-577-1157
7177,Annaliese,Lonnon,alonnonjb@acquirethisname.com,273-781-3691
2112,Eloisa,Graeser,egraeserjc@disqus.com,645-980-5605
7929,Ethe,Casarili,ecasarilijd@opera.com,428-740-6339
5755,Alphard,Sergant,asergantje@cyberchimps.com,920-911-6016
3978,Janek,Blagdon,jblagdonjf@desdev.cn,303-642-5934
8059,Filide,Cino,fcinojg@qq.com,798-325-5408
4917,Margarete,Waistall,mwaistalljh@1688.com,244-945-3175
4622,Douglass,Isgar,disgarji@prnewswire.com,217-510-2023
7861,Ileane,Jacklings,ijacklingsjj@aboutads.info,891-761-1996
6975,Harriet,Bachs,hbachsjk@salon.com,975-618-9517
7266,Kelbee,Mohammed,kmohammedjl@cafepress.com,579-764-7323
6899,Delphinia,Kitchingman,dkitchingmanjm@woothemes.com,122-134-9077
6715,Fowler,Himsworth,fhimsworthjn@51.la,842-554-8892
6759,Audre,Trattles,atrattlesjo@163.com,298-297-7898
5668,Laverne,Plaskitt,lplaskittjp@slideshare.net,112-547-6933
6293,Davin,Tyrie,dtyriejq@linkedin.com,550-899-4462
5330,Walther,Spurrier,wspurrierjr@noaa.gov,150-617-7960
5966,Jamil,Southall,jsouthalljs@mapy.cz,618-500-7842
5049,Kellina,Povah,kpovahjt@nifty.com,785-239-3571
1815,Stacy,Durbyn,sdurbynju@stumbleupon.com,426-823-7182
7452,Janessa,Daniels,jdanielsjv@typepad.com,704-237-0467
7146,Janean,Wheble,jwheblejw@example.com,995-744-1398
2854,Janette,Gilleon,jgilleonjx@exblog.jp,598-623-5413
5233,Eb,Tune,etunejy@ow.ly,995-710-0548
8052,Otha,Josland,ojoslandjz@webs.com,285-945-4655
2380,Elfrieda,Corbert,ecorbertk0@salon.com,112-125-5118
7747,Berty,Stoate,bstoatek1@altervista.org,260-320-9069
1951,Layton,Georgelin,lgeorgelink2@google.de,493-863-9565
8173,Rosana,Cater,rcaterk3@desdev.cn,618-563-6887
6894,Marshal,Gubbins,mgubbinsk4@whitehouse.gov,206-723-5879
6806,Gunner,Sayward,gsaywardk5@nyu.edu,354-343-8481
1039,Korella,Senn,ksennk6@com.com,526-213-6716
4903,Myles,Dewhirst,mdewhirstk7@guardian.co.uk,760-688-7066
5780,Ellynn,Gantz,egantzk8@technorati.com,802-660-7732
1520,Magdalene,Kelle,mkellek9@so-net.ne.jp,535-614-1167
6301,Henderson,Gooda,hgoodaka@wikia.com,871-617-0095
7471,Sarena,Mohring,smohringkb@xing.com,832-997-0732
5189,Siffre,Albury,salburykc@mayoclinic.com,871-733-1654
7779,Tobi,Ramberg,trambergkd@oaic.gov.au,657-885-5570
7273,Cathy,Elstub,celstubke@github.io,894-664-2486
2672,Theodora,Castlake,tcastlakekf@mit.edu,781-155-8518
5264,Judas,McLae,jmclaekg@cpanel.net,406-449-0314
1053,Annalee,Emeney,aemeneykh@whitehouse.gov,830-528-0969
3919,Rog,Croizier,rcroizierki@comsenz.com,953-863-5547
7390,Freemon,O'Gormally,fogormallykj@simplemachines.org,701-596-6360
5253,Harland,Tremble,htremblekk@soup.io,688-313-1080
1782,Xenos,Chadney,xchadneykl@google.com.au,939-169-0765
5692,Krispin,Bohlje,kbohljekm@mapquest.com,132-339-5022
6594,Wandie,Van Der Weedenburg,wvanderweedenburgkn@shop-pro.jp,761-509-9275
3290,Sheryl,Metschke,smetschkeko@topsy.com,632-821-7427
6738,Charlene,Pegg,cpeggkp@marketwatch.com,736-471-9933
4856,Marnia,Berth,mberthkq@hibu.com,548-145-4774
2369,Allan,Gwioneth,agwionethkr@webs.com,470-780-6802
4650,Damita,Corradengo,dcorradengoks@g.co,700-571-1400
5859,Auberta,Barczewski,abarczewskikt@google.ru,566-709-1504
4414,Huntley,Archibold,harchiboldku@vistaprint.com,174-223-7469
1001,Durward,Brion,dbrionkv@wix.com,404-544-5101
3169,Marissa,Muscott,mmuscottkw@dagondesign.com,701-379-5979
4441,Jeramie,Lockhart,jlockhartkx@infoseek.co.jp,172-559-8224
2126,Jessee,Swyn,jswynky@amazon.com,283-665-8429
4432,Rea,Frere,rfrerekz@wisc.edu,278-418-4362
5131,Naomi,McAllan,nmcallanl0@va.gov,997-463-5269
7958,Adriaens,Perschke,aperschkel1@github.io,694-908-4750
2400,Mack,Arstall,marstalll2@slate.com,624-701-4645
8743,Arley,Forlong,aforlongl3@vkontakte.ru,718-521-7653
3848,Federico,Wavell,fwavelll4@goo.gl,501-271-8929
1398,Kial,Lythgoe,klythgoel5@toplist.cz,708-731-1888
1592,Shaun,Gilhouley,sgilhouleyl6@cocolog-nifty.com,564-482-2246
8847,Lane,Haythornthwaite,lhaythornthwaitel7@jimdo.com,751-324-1258
1177,Lennie,Rennles,lrennlesl8@freewebs.com,436-758-8220
5178,Philbert,Draisey,pdraiseyl9@businessweek.com,299-540-6729
8487,Bobina,Stollberger,bstollbergerla@icq.com,143-735-1531
7226,Guglielmo,Perello,gperellolb@hubpages.com,312-616-4888
7130,Phillipe,Ranstead,pransteadlc@ibm.com,878-304-3330
3825,Lynnea,Akhurst,lakhurstld@samsung.com,290-321-0916
8256,Leanor,Cudby,lcudbyle@newyorker.com,426-467-6384
2955,Valdemar,Carmel,vcarmellf@soup.io,188-833-9675
6499,Maggie,Tellenbach,mtellenbachlg@mlb.com,647-758-4664
6937,Corabel,Chapellow,cchapellowlh@ted.com,125-189-2645
3922,Lulita,Rosas,lrosasli@hc360.com,954-950-9088
2871,Wilek,Corragan,wcorraganlj@geocities.jp,883-761-9252
8485,Morten,Germon,mgermonlk@blinklist.com,162-907-0488
3138,Jamison,Spurdle,jspurdlell@tiny.cc,488-533-5463
1861,Stormy,Hurdle,shurdlelm@infoseek.co.jp,854-706-8856
3620,Dawna,Elverstone,delverstoneln@sina.com.cn,922-206-2328
1920,Piotr,Finnick,pfinnicklo@techcrunch.com,379-163-8437
1364,Phillip,Headech,pheadechlp@newsvine.com,631-185-4626
7921,Kinsley,Stidever,kstideverlq@tinypic.com,510-237-9346
6556,Vanda,Crosier,vcrosierlr@scribd.com,575-580-2414
7393,Ramsay,Dudill,rdudillls@so-net.ne.jp,772-420-6370
3004,Simona,Swenson,sswensonlt@xinhuanet.com,858-460-8168
8366,Luis,Lghan,llghanlu@gmpg.org,936-655-4687
2632,Conroy,Grimditch,cgrimditchlv@meetup.com,192-201-2790
3306,Keen,Uc,kuclw@wikimedia.org,569-874-6328
6987,Nan,Skitteral,nskitterallx@youtu.be,564-802-4041
4935,Desiri,Labeuil,dlabeuilly@archive.org,401-256-3633
6451,Lorita,Gower,lgowerlz@163.com,232-846-4239
3403,Teressa,Meller,tmellerm0@wiley.com,551-311-2139
7814,Samantha,Mordan,smordanm1@facebook.com,807-617-1354
2562,Bernardo,Prior,bpriorm2@thetimes.co.uk,839-546-5462
1662,Andee,Dell Casa,adellcasam3@zimbio.com,677-972-2182
5581,Cleo,Sheards,csheardsm4@vinaora.com,912-625-7124
8297,Chris,Drogan,cdroganm5@devhub.com,253-121-1064
2935,Judi,Joust,jjoustm6@csmonitor.com,142-954-1210
4272,Lucais,Eager,leagerm7@fda.gov,690-925-1349
8844,Caren,Bavin,cbavinm8@theatlantic.com,935-889-5966
3585,Dugald,Rabjohns,drabjohnsm9@apache.org,719-196-1044
3677,Loren,Hayhoe,lhayhoema@uol.com.br,279-334-2827
5228,Meris,Wedgwood,mwedgwoodmb@cnn.com,825-290-7555
4305,Cornell,Stebbings,cstebbingsmc@house.gov,507-221-9099
3659,Harriet,Jansema,hjansemamd@bigcartel.com,149-174-7586
2726,Stanleigh,Mechell,smechellme@example.com,347-507-2363
5324,Carlynn,Lydiatt,clydiattmf@omniture.com,253-810-9599
7460,Ailina,Acres,aacresmg@hubpages.com,359-675-1174
5650,Aubry,Preddy,apreddymh@house.gov,895-636-5959
7317,Valeria,Battams,vbattamsmi@oracle.com,290-281-3361
5651,Walt,Turl,wturlmj@godaddy.com,365-322-9597
6350,Prudence,Learmount,plearmountmk@facebook.com,704-798-4750
8758,Gerick,Petrik,gpetrikml@nydailynews.com,386-775-3964
3267,Stefania,McFadin,smcfadinmm@weather.com,303-962-2515
3396,Tilda,Gresswell,tgresswellmn@meetup.com,702-895-8597
6866,Orsa,Atteridge,oatteridgemo@lulu.com,767-141-6927
7015,Randolf,Oughton,roughtonmp@ifeng.com,119-108-1003
2137,Cassius,Masserel,cmasserelmq@unc.edu,924-203-6407
4473,Chrotoem,Blazejewski,cblazejewskimr@reddit.com,253-755-4892
3901,Kinsley,Higford,khigfordms@intel.com,929-268-6424
6706,Toni,Corke,tcorkemt@oakley.com,355-170-6282
1342,Celinda,Hales,chalesmu@clickbank.net,983-427-3993
1053,Heywood,Boys,hboysmv@usda.gov,612-578-9319
5378,Jameson,Marchand,jmarchandmw@lulu.com,656-235-0623
2767,Graig,Jennaway,gjennawaymx@fc2.com,348-528-5894
6633,Rea,Ogilby,rogilbymy@vistaprint.com,946-513-7235
5703,Vanna,Almeida,valmeidamz@yandex.ru,734-286-7107
8366,Valenka,Antoinet,vantoinetn0@typepad.com,390-375-7381
2820,Joey,Grieves,jgrievesn1@vkontakte.ru,412-582-7753
1313,Cristy,MacKessock,cmackessockn2@ezinearticles.com,856-559-6134
5328,Sybille,Charter,schartern3@soup.io,264-203-2990
7479,Loutitia,Izchaki,lizchakin4@nifty.com,995-819-3276
8214,Erik,Winser,ewinsern5@wikipedia.org,925-837-2972
6616,Susanetta,Mustin,smustinn6@soundcloud.com,352-950-3260
3917,Joyann,McFater,jmcfatern7@imgur.com,962-889-5192
6180,Zelda,Spinola,zspinolan8@si.edu,660-593-9089
4872,Boycey,Lampbrecht,blampbrechtn9@i2i.jp,427-789-5865
3054,Bobbie,Tayler,btaylerna@berkeley.edu,135-998-0938
2085,Pernell,Shutle,pshutlenb@is.gd,938-865-7341
2468,Arlette,Kunzel,akunzelnc@zimbio.com,998-822-0081
2478,Fredericka,Dovydenas,fdovydenasnd@salon.com,933-327-4103
3618,Pamelina,Callis,pcallisne@unblog.fr,389-624-5915
4055,Percy,Buxton,pbuxtonnf@imgur.com,249-280-8852
3659,Merry,Coull,mcoullng@state.tx.us,789-197-8752
6020,Lindi,Aleshintsev,laleshintsevnh@hhs.gov,527-825-7986
1113,Kizzie,Adelberg,kadelbergni@nhs.uk,355-524-4066
4125,Vinny,Serjeantson,vserjeantsonnj@msu.edu,596-542-0896
7295,Levy,Stanway,lstanwaynk@sfgate.com,670-190-1902
3999,Alethea,Abadam,aabadamnl@fda.gov,750-486-3364
3858,Chrotoem,Tattersill,ctattersillnm@is.gd,860-172-5889
4101,Inga,Waggatt,iwaggattnn@stanford.edu,892-576-6929
6745,Tommi,Tythe,ttytheno@topsy.com,206-454-4900
2730,Beltran,Sailes,bsailesnp@uol.com.br,476-704-3212
3645,Price,Maddaford,pmaddafordnq@prweb.com,817-323-1490
4155,Lucienne,Schustl,lschustlnr@t-online.de,778-181-6243
4874,Lenna,Housley,lhousleyns@linkedin.com,836-699-6384
7629,Cassie,FitzGeorge,cfitzgeorgent@last.fm,511-272-9260
1785,Friedrick,Ainsley,fainsleynu@xrea.com,195-402-0555
2837,Dorise,Van Saltsberg,dvansaltsbergnv@cloudflare.com,628-382-8002
4073,Margareta,Dunnico,mdunniconw@google.com.hk,867-395-0857
5986,Rachael,Bretland,rbretlandnx@senate.gov,892-383-3867
5279,Leicester,Roby,lrobyny@comsenz.com,675-490-9238
2407,Tadio,Devo,tdevonz@statcounter.com,373-267-2709
7425,Lucie,Lowbridge,llowbridgeo0@newyorker.com,915-118-3737
4068,Trstram,Baike,tbaikeo1@geocities.jp,993-417-0356
8464,Foster,McClaren,fmcclareno2@geocities.com,695-938-7978
3264,Demetris,Kiehne,dkiehneo3@about.me,771-965-5196
2194,Caty,Cleaveland,ccleavelando4@technorati.com,675-114-3323
5202,Melodee,Sleep,msleepo5@cocolog-nifty.com,334-893-3585
7195,Jean,Wesgate,jwesgateo6@howstuffworks.com,222-735-5523
6977,Elroy,Titmuss,etitmusso7@gnu.org,229-910-8819
6483,Mercedes,O'Shiel,moshielo8@vimeo.com,108-738-7544
4058,Perrine,Tolumello,ptolumelloo9@behance.net,185-987-8434
3564,Svend,Tybalt,stybaltoa@nifty.com,682-314-9553
6832,Marni,Tipling,mtiplingob@soup.io,571-977-9385
6213,Martyn,Huggens,mhuggensoc@sbwire.com,468-126-0502
3126,Antonella,Lipprose,alipproseod@mlb.com,603-716-0546
5513,Bertha,Palphramand,bpalphramandoe@businessweek.com,453-655-5221
2145,Bryna,Wilford,bwilfordof@jiathis.com,811-390-3047
8034,Judye,Spriggs,jspriggsog@mtv.com,443-177-3564
8439,Truman,Grieger,tgriegeroh@ovh.net,849-239-8527
7756,Deborah,Mapledorum,dmapledorumoi@ihg.com,107-876-4932
2933,Hubey,McCambrois,hmccambroisoj@fc2.com,246-688-1340
6030,Garrik,Pilbury,gpilburyok@sakura.ne.jp,490-133-9302
3924,Letti,Ellyatt,lellyattol@digg.com,955-142-7096
8896,Sharia,Lerhinan,slerhinanom@goodreads.com,961-933-0899
5241,Concettina,Zelake,czelakeon@usda.gov,105-917-8792
2093,Lindsey,Hogsden,lhogsdenoo@wsj.com,147-225-4042
5515,Rosamund,Enevold,renevoldop@skyrock.com,171-275-3907
7243,Carri,Collete,ccolleteoq@chron.com,805-292-2545
1109,Joe,Medforth,jmedforthor@sphinn.com,828-418-6505
2418,Elisabetta,Vance,evanceos@tmall.com,652-353-6915
4350,Huey,Haster,hhasterot@go.com,559-165-5274
5230,Virgilio,Cartan,vcartanou@ycombinator.com,353-387-0664
6865,Borg,Overell,boverellov@amazon.de,306-249-8711
1475,Marni,Stanistrete,mstanistreteow@bloglovin.com,475-145-0165
4173,Hadley,Skellen,hskellenox@nationalgeographic.com,671-899-6804
6601,Saunderson,Hryniewicki,shryniewickioy@tuttocitta.it,398-508-0991
1483,Cally,Aynscombe,caynscombeoz@lulu.com,208-425-0409
1091,Cari,Sales,csalesp0@surveymonkey.com,159-365-0661
6815,Laura,De Angelis,ldeangelisp1@phpbb.com,214-682-1245
8118,Meredith,Japp,mjappp2@hud.gov,779-695-6718
7813,Fernandina,Haliday,fhalidayp3@nyu.edu,846-818-9916
5568,Percival,Samways,psamwaysp4@businesswire.com,847-614-3191
8506,Meta,Jurgen,mjurgenp5@shutterfly.com,567-183-3546
8568,Bettine,Godfrey,bgodfreyp6@uiuc.edu,650-208-7809
4789,Erwin,Bulger,ebulgerp7@howstuffworks.com,687-434-7528
8848,Lissie,Viggars,lviggarsp8@furl.net,920-301-1137
5899,Steffane,Bagshawe,sbagshawep9@elegantthemes.com,704-354-3374
8223,Rosalia,Tackle,rtacklepa@irs.gov,140-459-2884
3053,Bink,Metheringham,bmetheringhampb@sciencedaily.com,829-815-7669
5546,Trenna,Emberson,tembersonpc@scientificamerican.com,540-823-7970
1391,Hersh,Robbert,hrobbertpd@multiply.com,493-891-3928
8285,Antonius,Lorne,alornepe@imdb.com,466-999-2459
6968,Frederique,MacConneely,fmacconneelypf@webmd.com,853-715-4868
3186,Jehanna,Crackett,jcrackettpg@businesswire.com,671-571-8530
7076,Arri,Huggard,ahuggardph@ask.com,618-108-9159
2117,Smitty,Haliburton,shaliburtonpi@utexas.edu,838-735-9880
3923,Goldie,Culbard,gculbardpj@123-reg.co.uk,357-904-1760
3443,Melitta,Broadbury,mbroadburypk@reverbnation.com,616-371-7455
8479,Ty,Barney,tbarneypl@deliciousdays.com,122-369-8036
1216,Jarad,Knevit,jknevitpm@instagram.com,578-898-9118
1505,Corny,Balwin,cbalwinpn@bloglovin.com,360-874-1073
8008,Orsola,Bumphrey,obumphreypo@state.tx.us,789-806-2623
2322,Elita,Pethick,epethickpp@nymag.com,986-242-1461
2278,Steffi,Lynnitt,slynnittpq@indiatimes.com,498-659-6442
6375,Alisun,Curm,acurmpr@wikimedia.org,350-169-5661
6343,Vevay,Vina,vvinaps@newyorker.com,121-987-2021
1058,Renee,Plows,rplowspt@google.ca,620-607-9682
4002,Loraine,Anmore,lanmorepu@marketwatch.com,960-396-3671
7508,Kippie,Wymer,kwymerpv@buzzfeed.com,603-709-7687
8990,Sofia,Ilsley,silsleypw@webnode.com,548-736-9271
2563,Henry,Gerholz,hgerholzpx@shutterfly.com,165-529-4282
3252,Esther,Frazer,efrazerpy@auda.org.au,818-919-9825
2703,Shandra,Fideler,sfidelerpz@nba.com,349-619-0301
3452,Maryann,Yearn,myearnq0@about.com,671-215-9505
5290,Elspeth,Fernihough,efernihoughq1@hp.com,413-932-4370
4227,Shurlocke,Tabard,stabardq2@nifty.com,906-927-2471
4527,Idelle,Simes,isimesq3@vk.com,777-763-4537
5414,Jarrod,Acom,jacomq4@cisco.com,288-211-8787
6408,Fancie,Ellery,felleryq5@rambler.ru,341-200-8567
7849,Simmonds,Trowbridge,strowbridgeq6@fotki.com,888-621-3585
4549,Birk,Mussalli,bmussalliq7@upenn.edu,872-406-6821
7843,Rich,Stut,rstutq8@google.cn,226-930-6363
1799,Kerianne,McKerlie,kmckerlieq9@etsy.com,619-577-4398
8851,Rafaello,Mainstone,rmainstoneqa@ox.ac.uk,523-683-7485
8709,Romola,Kermon,rkermonqb@dropbox.com,593-227-8534
1629,Analise,Waldron,awaldronqc@yelp.com,620-997-1231
2979,Roderick,Bartocci,rbartocciqd@weather.com,412-961-8073
7514,Gratia,Gitsham,ggitshamqe@cbsnews.com,317-455-6789
4639,Harrison,Hasson,hhassonqf@nhs.uk,242-478-7503
1019,Jada,Gyenes,jgyenesqg@opensource.org,976-814-9576
3476,Sancho,Redwin,sredwinqh@prnewswire.com,884-293-8063
3777,Ingunna,Satterly,isatterlyqi@pinterest.com,833-931-5011
7580,Fidole,Capstaff,fcapstaffqj@archive.org,853-483-5096
1421,Bryanty,Romer,bromerqk@jalbum.net,228-338-8350
5142,Maddi,Umbert,mumbertql@unc.edu,215-387-9499
3975,Hagen,Mucklow,hmucklowqm@spiegel.de,227-820-6045
8699,Saw,Orred,sorredqn@ft.com,605-223-4406
2628,Stanislaw,Gegay,sgegayqo@theguardian.com,295-246-1726
3641,Clarette,Ivankin,civankinqp@wordpress.com,928-302-9165
2088,Brucie,Suller,bsullerqq@dion.ne.jp,798-983-2387
8471,Humberto,Greenrde,hgreenrdeqr@sphinn.com,788-899-9921
3432,Gardener,Sergent,gsergentqs@freewebs.com,736-159-7746
4021,Mathias,McCrillis,mmccrillisqt@newyorker.com,169-719-5505
5678,Avery,Jobey,ajobeyqu@simplemachines.org,146-812-4178
1633,Nanni,Basketter,nbasketterqv@diigo.com,877-132-1026
2807,Joel,Berrane,jberraneqw@cornell.edu,740-448-1933
4618,Lovell,Bleackly,lbleacklyqx@alibaba.com,622-390-4790
8260,Marissa,Burns,mburnsqy@skyrock.com,384-187-6348
8199,Aluin,Thomas,athomasqz@themeforest.net,759-726-6601
5614,Jo ann,Akess,jakessr0@go.com,632-427-1329
1134,Cicily,Davenell,cdavenellr1@about.com,819-128-0793
8998,Roshelle,Vogele,rvogeler2@time.com,436-786-4089
6564,Marve,Mineghelli,mmineghellir3@networksolutions.com,157-894-4042
3073,Fidelia,Rawcliff,frawcliffr4@nasa.gov,940-611-0149
5663,Ezechiel,Sagerson,esagersonr5@eepurl.com,495-373-3929
3004,Eachelle,Stanfield,estanfieldr6@bloglovin.com,288-995-0701
1844,Clayson,Bourthouloume,cbourthouloumer7@chronoengine.com,525-434-0929
3555,Bertie,Ganiclef,bganiclefr8@vimeo.com,436-525-7020
7668,Claretta,Hazelden,chazeldenr9@list-manage.com,198-146-6472
5597,Misha,Philippe,mphilippera@howstuffworks.com,502-990-7641
3507,Linn,Statter,lstatterrb@howstuffworks.com,194-678-1155
3592,Gardiner,Ruggs,gruggsrc@weibo.com,202-143-0901
2727,Risa,Espina,respinard@google.co.uk,292-110-0855
4232,Sammy,Simmell,ssimmellre@instagram.com,570-583-8889
4686,Lindsy,Kimmings,lkimmingsrf@washingtonpost.com,524-411-8958
3446,Marjory,Starmore,mstarmorerg@drupal.org,716-989-0249
6481,Eirena,Skippings,eskippingsrh@redcross.org,437-619-0032
6900,Shermie,Leighton,sleightonri@scientificamerican.com,131-540-4913
4215,Scarlett,Train,strainrj@princeton.edu,855-100-1286
1919,Nesta,Kristoffersen,nkristoffersenrk@elpais.com,916-733-7586
8724,Adina,Bunt,abuntrl@ft.com,111-471-4708
5339,Nerita,Ive,niverm@reverbnation.com,531-312-9201
3770,Rey,Angeau,rangeaurn@sciencedirect.com,163-805-2083
7589,Addi,Averay,aaverayro@google.de,598-265-4229
1139,Beau,Georges,bgeorgesrp@addthis.com,781-212-9283
6622,Mariquilla,Burnet,mburnetrq@npr.org,181-364-3840
4105,Netta,Hynard,nhynardrr@mail.ru,319-831-8441
